"cust_id","full_custname","segment","age","country","city","state","postal_code","region","sales"
"CG-12520","Claire Gute","Consumer",67,"United States","Henderson","Kentucky",42420,"South",NULL
"DV-13045","Darrin Van Huff","Corporate",31,"United States","Los Angeles","California",90036,"West",NULL
"SO-20335","Sean O'Donnell","Consumer",65,"United States","Fort Lauderdale","Florida",33311,"South",NULL
"BH-11710","Brosina Hoffman","Consumer",20,"United States","Los Angeles","California",90032,"West",NULL
"AA-10480","Andrew Allen","Consumer",50,"United States","Concord","North Carolina",28027,"South",NULL
"IM-15070","Irene Maddox","Consumer",66,"United States","Seattle","Washington",98103,"West",NULL
"HP-14815","Harold Pawlan","Home Office",20,"United States","Fort Worth","Texas",76106,"Central",NULL
"PK-19075","Pete Kriz","Consumer",46,"United States","Madison","Wisconsin",53711,"Central",NULL
"AG-10270","Alejandro Grove","Consumer",18,"United States","West Jordan","Utah",84084,"West",NULL
"ZD-21925","Zuschuss Donatelli","Consumer",66,"United States","San Francisco","California",94109,"West",NULL
"KB-16585","Ken Black","Corporate",67,"United States","Fremont","Nebraska",68025,"Central",NULL
"SF-20065","Sandra Flanagan","Consumer",41,"United States","Philadelphia","Pennsylvania",19140,"East",NULL
"EB-13870","Emily Burns","Consumer",34,"United States","Orem","Utah",84057,"West",NULL
"EH-13945","Eric Hoffmann","Consumer",21,"United States","Los Angeles","California",90049,"West",NULL
"TB-21520","Tracy Blumstein","Consumer",48,"United States","Philadelphia","Pennsylvania",19140,"East",NULL
"MA-17560","Matt Abelman","Home Office",19,"United States","Houston","Texas",77095,"Central",NULL
"GH-14485","Gene Hale","Corporate",28,"United States","Richardson","Texas",75080,"Central",NULL
"SN-20710","Steve Nguyen","Home Office",46,"United States","Houston","Texas",77041,"Central",NULL
"LC-16930","Linda Cazamias","Corporate",31,"United States","Naperville","Illinois",60540,"Central",NULL
"RA-19885","Ruben Ausman","Corporate",51,"United States","Los Angeles","California",90049,"West",NULL
"ES-14080","Erin Smith","Corporate",20,"United States","Melbourne","Florida",32935,"South",NULL
"ON-18715","Odella Nelson","Corporate",27,"United States","Eagan","Minnesota",55122,"Central",NULL
"PO-18865","Patrick O'Donnell","Consumer",64,"United States","Westland","Michigan",48185,"Central",NULL
"LH-16900","Lena Hernandez","Consumer",66,"United States","Dover","Delaware",19901,"East",NULL
"DP-13000","Darren Powers","Consumer",40,"United States","New Albany","Indiana",47150,"Central",NULL
"JM-15265","Janet Molinari","Corporate",23,"United States","New York City","New York",10024,"East",NULL
"TB-21055","Ted Butterfield","Consumer",34,"United States","Troy","New York",12180,"East",NULL
"KM-16720","Kunst Miller","Consumer",69,"United States","Los Angeles","California",90004,"West",NULL
"PS-18970","Paul Stevenson","Home Office",31,"United States","Chicago","Illinois",60610,"Central",NULL
"BS-11590","Brendan Sweed","Corporate",45,"United States","Gilbert","Arizona",85234,"West",NULL
"KD-16270","Karen Daniels","Consumer",59,"United States","Springfield","Virginia",22153,"South",NULL
"HM-14980","Henry MacAllister","Consumer",35,"United States","New York City","New York",10009,"East",NULL
"JE-15745","Joel Eaton","Consumer",25,"United States","Memphis","Tennessee",38109,"South",NULL
"KB-16600","Ken Brennan","Corporate",29,"United States","Houston","Texas",77041,"Central",NULL
"SC-20770","Stewart Carmichael","Corporate",18,"United States","Decatur","Alabama",35601,"South",NULL
"DN-13690","Duane Noonan","Consumer",42,"United States","San Francisco","California",94122,"West",NULL
"JC-16105","Julie Creighton","Corporate",56,"United States","Durham","North Carolina",27707,"South",NULL
"CS-12400","Christopher Schild","Home Office",33,"United States","Chicago","Illinois",60623,"Central",NULL
"PG-18895","Paul Gonzalez","Consumer",64,"United States","Rochester","Minnesota",55901,"Central",NULL
"GM-14455","Gary Mitchum","Home Office",64,"United States","Houston","Texas",77095,"Central",NULL
"JS-15685","Jim Sink","Corporate",33,"United States","Los Angeles","California",90036,"West",NULL
"KB-16315","Karl Braun","Consumer",70,"United States","Minneapolis","Minnesota",55407,"Central",NULL
"RB-19705","Roger Barcio","Home Office",63,"United States","Portland","Oregon",97206,"West",NULL
"PN-18775","Parhena Norris","Home Office",35,"United States","New York City","New York",10009,"East",NULL
"KD-16345","Katherine Ducich","Consumer",33,"United States","San Francisco","California",94122,"West",NULL
"ER-13855","Elpida Rittenbach","Corporate",56,"United States","Saint Paul","Minnesota",55106,"Central",NULL
"RB-19465","Rick Bensley","Home Office",18,"United States","Chicago","Illinois",60610,"Central",NULL
"GZ-14470","Gary Zandusky","Consumer",64,"United States","Rochester","Minnesota",55901,"Central",NULL
"LC-16870","Lena Cacioppo","Consumer",63,"United States","Aurora","Colorado",80013,"West",NULL
"JM-15250","Janet Martin","Consumer",62,"United States","Charlotte","North Carolina",28205,"South",NULL
"PA-19060","Pete Armstrong","Home Office",31,"United States","Orland Park","Illinois",60462,"Central",NULL
"CV-12805","Cynthia Voltz","Corporate",55,"United States","New York City","New York",10035,"East",NULL
"CL-12565","Clay Ludtke","Consumer",36,"United States","Urbandale","Iowa",50322,"Central",NULL
"RC-19960","Ryan Crowe","Consumer",34,"United States","Columbus","Ohio",43229,"East",NULL
"DK-13090","Dave Kipp","Consumer",24,"United States","Seattle","Washington",98103,"West",NULL
"GG-14650","Greg Guthrie","Corporate",51,"United States","Bristol","Tennessee",37620,"South",NULL
"SC-20725","Steven Cartwright","Consumer",28,"United States","Wilmington","Delaware",19805,"East",NULL
"AD-10180","Alan Dominguez","Home Office",52,"United States","Houston","Texas",77041,"Central",NULL
"PF-19165","Philip Fox","Consumer",30,"United States","Bloomington","Illinois",61701,"Central",NULL
"TS-21610","Troy Staebel","Consumer",33,"United States","Phoenix","Arizona",85023,"West",NULL
"LS-16975","Lindsay Shagiari","Home Office",66,"United States","Los Angeles","California",90004,"West",NULL
"DW-13585","Dorothy Wardle","Corporate",62,"United States","Columbus","Ohio",43229,"East",NULL
"LC-16885","Lena Creighton","Consumer",31,"United States","Roseville","California",95661,"West",NULL
"JD-15895","Jonathan Doherty","Corporate",57,"United States","Philadelphia","Pennsylvania",19140,"East",NULL
"SH-19975","Sally Hughsby","Corporate",60,"United States","San Francisco","California",94122,"West",NULL
"SG-20080","Sandra Glassco","Consumer",52,"United States","Independence","Missouri",64055,"Central",NULL
"HA-14920","Helen Andreada","Consumer",48,"United States","Pasadena","California",91104,"West",NULL
"MG-17680","Maureen Gastineau","Home Office",26,"United States","Newark","Ohio",43055,"East",NULL
"JE-16165","Justin Ellison","Corporate",49,"United States","Franklin","Wisconsin",53132,"Central",NULL
"TW-21025","Tamara Willingham","Home Office",61,"United States","Scottsdale","Arizona",85254,"West",NULL
"SP-20650","Stephanie Phelps","Corporate",18,"United States","San Jose","California",95123,"West",NULL
"NK-18490","Neil Knudson","Home Office",61,"United States","Seattle","Washington",98105,"West",NULL
"DB-13060","Dave Brooks","Consumer",50,"United States","Seattle","Washington",98115,"West",NULL
"NP-18670","Nora Paige","Consumer",64,"United States","Edmond","Oklahoma",73034,"Central",NULL
"TT-21070","Ted Trevino","Consumer",67,"United States","Los Angeles","California",90045,"West",NULL
"EM-13960","Eric Murdock","Consumer",46,"United States","Philadelphia","Pennsylvania",19134,"East",NULL
"RD-19900","Ruben Dartt","Consumer",26,"United States","Carlsbad","New Mexico",88220,"West",NULL
"MJ-17740","Max Jones","Consumer",40,"United States","Seattle","Washington",98115,"West",NULL
"BM-11140","Becky Martin","Consumer",67,"United States","San Antonio","Texas",78207,"Central",NULL
"CS-12130","Chad Sievert","Consumer",51,"United States","Los Angeles","California",90004,"West",NULL
"JB-15400","Jennifer Braxton","Corporate",39,"United States","Chicago","Illinois",60623,"Central",NULL
"SJ-20500","Shirley Jackson","Consumer",69,"United States","Houston","Texas",77036,"Central",NULL
"JK-15640","Jim Kriz","Home Office",31,"United States","New York City","New York",10009,"East",NULL
"DK-13150","David Kendrick","Corporate",20,"United States","Decatur","Illinois",62521,"Central",NULL
"RM-19675","Robert Marley","Home Office",57,"United States","Monroe","Louisiana",71203,"South",NULL
"SK-19990","Sally Knutson","Consumer",44,"United States","Fairfield","Connecticut",6824,"East",NULL
"FM-14290","Frank Merwin","Home Office",45,"United States","Los Angeles","California",90032,"West",NULL
"AM-10360","Alice McCarthy","Corporate",45,"United States","Grand Prairie","Texas",75051,"Central",NULL
"MP-17470","Mark Packer","Home Office",61,"United States","New York City","New York",10035,"East",NULL
"MZ-17515","Mary Zewe","Corporate",52,"United States","Redlands","California",92374,"West",NULL
"CB-12025","Cassandra Brandow","Consumer",43,"United States","Hamilton","Ohio",45011,"East",NULL
"VM-21685","Valerie Mitchum","Home Office",69,"United States","Westfield","New Jersey",7090,"East",NULL
"FH-14365","Fred Hopkins","Corporate",49,"United States","Philadelphia","Pennsylvania",19120,"East",NULL
"MB-17305","Maria Bertelson","Consumer",43,"United States","Akron","Ohio",44312,"East",NULL
"BS-11755","Bruce Stewart","Consumer",59,"United States","Denver","Colorado",80219,"West",NULL
"LC-17140","Logan Currie","Consumer",22,"United States","Dallas","Texas",75220,"Central",NULL
"HK-14890","Heather Kirkland","Corporate",27,"United States","Franklin","Tennessee",37064,"South",NULL
"LE-16810","Laurel Elliston","Consumer",62,"United States","Whittier","California",90604,"West",NULL
"JH-15985","Joseph Holt","Consumer",51,"United States","Saginaw","Michigan",48601,"Central",NULL
"MS-17980","Michael Stewart","Corporate",67,"United States","Dallas","Texas",75220,"Central",NULL
"VW-21775","Victoria Wilson","Corporate",62,"United States","Medina","Ohio",44256,"East",NULL
"JH-15910","Jonathan Howell","Consumer",40,"United States","Los Angeles","California",90032,"West",NULL
"JB-15925","Joni Blumstein","Consumer",25,"United States","Dublin","Ohio",43017,"East",NULL
"DS-13180","David Smith","Corporate",41,"United States","Detroit","Michigan",48227,"Central",NULL
"VD-21670","Valerie Dominguez","Consumer",69,"United States","Columbia","Tennessee",38401,"South",NULL
"EA-14035","Erin Ashbrook","Corporate",61,"United States","Charlotte","North Carolina",28205,"South",NULL
"DB-13120","David Bremer","Corporate",60,"United States","Santa Clara","California",95051,"West",NULL
"KL-16645","Ken Lonsdale","Consumer",43,"United States","Chicago","Illinois",60610,"Central",NULL
"DW-13480","Dianna Wilson","Home Office",25,"United States","Lakeville","Minnesota",55044,"Central",NULL
"LH-17155","Logan Haushalter","Consumer",43,"United States","San Francisco","California",94109,"West",NULL
"KC-16540","Kelly Collister","Consumer",39,"United States","San Diego","California",92037,"West",NULL
"DL-13315","Delfina Latchford","Consumer",48,"United States","New York City","New York",10024,"East",NULL
"DR-12880","Dan Reichenbach","Corporate",68,"United States","Chicago","Illinois",60623,"Central",NULL
"CC-12670","Craig Carreira","Consumer",22,"United States","New York City","New York",10009,"East",NULL
"Dl-13600","Dorris liebe","Corporate",68,"United States","Pasadena","Texas",77506,"Central",NULL
"SB-20290","Sean Braxton","Corporate",41,"United States","Houston","Texas",77036,"Central",NULL
"RC-19825","Roy Collins","Consumer",54,"United States","Chicago","Illinois",60610,"Central",NULL
"AH-10210","Alan Hwang","Consumer",58,"United States","Brentwood","California",94513,"West",NULL
"CB-12535","Claudia Bergmann","Corporate",63,"United States","Chapel Hill","North Carolina",27514,"South",NULL
"CA-12310","Christine Abelman","Corporate",68,"United States","Cincinnati","Ohio",45231,"East",NULL
"KH-16690","Kristen Hastings","Corporate",36,"United States","San Francisco","California",94110,"West",NULL
"BB-10990","Barry Blumstein","Corporate",41,"United States","Inglewood","California",90301,"West",NULL
"AG-10495","Andrew Gjertsen","Corporate",24,"United States","Philadelphia","Pennsylvania",19140,"East",NULL
"JO-15280","Jas O'Carroll","Consumer",39,"United States","Los Angeles","California",90004,"West",NULL
"AH-10195","Alan Haines","Corporate",67,"United States","Tamarac","Florida",33319,"South",NULL
"NZ-18565","Nick Zandusky","Home Office",23,"United States","Columbus","Ohio",43229,"East",NULL
"KL-16555","Kelly Lampkin","Corporate",60,"United States","Colorado Springs","Colorado",80906,"West",NULL
"AS-10225","Alan Schoenberger","Corporate",31,"United States","New York City","New York",10024,"East",NULL
"CR-12625","Corey Roper","Home Office",46,"United States","Lakewood","New Jersey",8701,"East",NULL
"SH-20395","Shahid Hopkins","Consumer",66,"United States","Arlington","Virginia",22204,"South",NULL
"BP-11185","Ben Peterman","Corporate",48,"United States","Arvada","Colorado",80004,"West",NULL
"TS-21205","Thomas Seio","Corporate",21,"United States","Hackensack","New Jersey",7601,"East",NULL
"AG-10525","Andy Gerbode","Corporate",69,"United States","Saint Petersburg","Florida",33710,"South",NULL
"SP-20860","Sung Pak","Corporate",38,"United States","Philadelphia","Pennsylvania",19143,"East",NULL
"NM-18445","Nathan Mautz","Home Office",21,"United States","New York City","New York",10024,"East",NULL
"FA-14230","Frank Atkinson","Corporate",34,"United States","Long Beach","California",90805,"West",NULL
"GK-14620","Grace Kelly","Corporate",32,"United States","Hesperia","California",92345,"West",NULL
"DJ-13510","Don Jones","Corporate",67,"United States","Murfreesboro","Tennessee",37130,"South",NULL
"PO-18850","Patrick O'Brill","Consumer",59,"United States","Philadelphia","Pennsylvania",19143,"East",NULL
"JL-15850","John Lucas","Consumer",70,"United States","Philadelphia","Pennsylvania",19134,"East",NULL
"DB-13615","Doug Bickford","Consumer",19,"United States","Los Angeles","California",90045,"West",NULL
"AC-10420","Alyssa Crouse","Corporate",69,"United States","San Francisco","California",94122,"West",NULL
"CC-12550","Clay Cheatham","Consumer",42,"United States","San Francisco","California",94122,"West",NULL
"TD-20995","Tamara Dahlen","Consumer",19,"United States","Lowell","Massachusetts",1852,"East",NULL
"AB-10060","Adam Bellavance","Home Office",25,"United States","New York City","New York",10009,"East",NULL
"JL-15505","Jeremy Lonsdale","Consumer",48,"United States","New York City","New York",10035,"East",NULL
"VB-21745","Victoria Brennan","Corporate",27,"United States","Columbus","Georgia",31907,"South",NULL
"KW-16435","Katrina Willman","Consumer",48,"United States","New York City","New York",10009,"East",NULL
"JD-16060","Julia Dunbar","Consumer",70,"United States","San Francisco","California",94109,"West",NULL
"MK-17905","Michael Kennedy","Corporate",20,"United States","Manchester","Connecticut",6040,"East",NULL
"GT-14755","Guy Thornton","Consumer",53,"United States","Harlingen","Texas",78550,"Central",NULL
"AG-10900","Arthur Gainer","Consumer",56,"United States","Tucson","Arizona",85705,"West",NULL
"MM-18280","Muhammed MacIntyre","Corporate",59,"United States","Quincy","Illinois",62301,"Central",NULL
"AR-10405","Allen Rosenblatt","Corporate",66,"United States","Franklin","Massachusetts",2038,"East",NULL
"RA-19915","Russell Applegate","Consumer",47,"United States","Houston","Texas",77095,"Central",NULL
"AS-10285","Alejandro Savely","Corporate",53,"United States","San Francisco","California",94109,"West",NULL
"LA-16780","Laura Armstrong","Corporate",59,"United States","Taylor","Michigan",48180,"Central",NULL
"DO-13435","Denny Ordway","Consumer",25,"United States","Pembroke Pines","Florida",33024,"South",NULL
"DK-13225","Dean Katz","Corporate",36,"United States","Philadelphia","Pennsylvania",19140,"East",NULL
"NG-18430","Nathan Gelder","Consumer",50,"United States","Cincinnati","Ohio",45231,"East",NULL
"MV-18190","Mike Vittorini","Consumer",66,"United States","New York City","New York",10009,"East",NULL
"JG-15115","Jack Garza","Consumer",63,"United States","Des Moines","Washington",98198,"West",NULL
"BP-11095","Bart Pistole","Corporate",30,"United States","Peoria","Illinois",61604,"Central",NULL
"VP-21730","Victor Preis","Home Office",35,"United States","Las Vegas","Nevada",89115,"West",NULL
"SS-20140","Saphhira Shifley","Corporate",33,"United States","Warwick","Rhode Island",2886,"East",NULL
"AG-10675","Anna Gayman","Consumer",69,"United States","Houston","Texas",77036,"Central",NULL
"LF-17185","Luke Foster","Consumer",36,"United States","Miami","Florida",33180,"South",NULL
"RF-19840","Roy Franzosisch","Consumer",57,"United States","New York City","New York",10024,"East",NULL
"KH-16510","Keith Herrera","Consumer",27,"United States","San Francisco","California",94110,"West",NULL
"KC-16675","Kimberly Carter","Corporate",31,"United States","Seattle","Washington",98105,"West",NULL
"CJ-12010","Caroline Jumper","Consumer",64,"United States","Huntington Beach","California",92646,"West",NULL
"PB-19150","Philip Brown","Consumer",30,"United States","Los Angeles","California",90004,"West",NULL
"MP-17965","Michael Paige","Corporate",18,"United States","Lawrence","Massachusetts",1841,"East",NULL
"NF-18385","Natalie Fritzler","Consumer",23,"United States","Jackson","Mississippi",39212,"South",NULL
"SD-20485","Shirley Daniels","Home Office",70,"United States","New Rochelle","New York",10801,"East",NULL
"KH-16630","Ken Heidel","Corporate",34,"United States","San Antonio","Texas",78207,"Central",NULL
"RB-19795","Ross Baird","Home Office",60,"United States","Gastonia","North Carolina",28052,"South",NULL
"MK-18160","Mike Kennedy","Consumer",22,"United States","Jacksonville","Florida",32216,"South",NULL
"PO-19180","Philisse Overcash","Home Office",46,"United States","Chicago","Illinois",60623,"Central",NULL
"BB-11545","Brenda Bowman","Corporate",60,"United States","Houston","Texas",77070,"Central",NULL
"TB-21595","Troy Blackwell","Consumer",50,"United States","Columbus","Indiana",47201,"Central",NULL
"RB-19360","Raymond Buch","Consumer",70,"United States","Auburn","New York",13021,"East",NULL
"EB-13705","Ed Braxton","Corporate",41,"United States","Akron","Ohio",44312,"East",NULL
"SC-20095","Sanjit Chand","Consumer",27,"United States","Concord","California",94521,"West",NULL
"TN-21040","Tanja Norvell","Home Office",37,"United States","Phoenix","Arizona",85023,"West",NULL
"JS-15940","Joni Sundaresam","Home Office",26,"United States","Park Ridge","Illinois",60068,"Central",NULL
"MH-17785","Maya Herman","Corporate",51,"United States","Lindenhurst","New York",11757,"East",NULL
"JP-15520","Jeremy Pistek","Consumer",54,"United States","San Francisco","California",94110,"West",NULL
"JE-15475","Jeremy Ellison","Consumer",30,"United States","Troy","New York",12180,"East",NULL
"JG-15805","John Grady","Corporate",26,"United States","New York City","New York",10024,"East",NULL
"XP-21865","Xylona Preis","Consumer",32,"United States","San Diego","California",92024,"West",NULL
"EM-14065","Erin Mull","Consumer",48,"United States","New York City","New York",10024,"East",NULL
"MT-18070","Michelle Tran","Home Office",69,"United States","Los Angeles","California",90045,"West",NULL
"SA-20830","Sue Ann Reed","Consumer",34,"United States","Chicago","Illinois",60610,"Central",NULL
"CW-11905","Carl Weiss","Home Office",31,"United States","Huntsville","Texas",77340,"Central",NULL
"AJ-10960","Astrea Jones","Consumer",30,"United States","Rochester","New York",14609,"East",NULL
"SS-20590","Sonia Sunley","Consumer",51,"United States","Seattle","Washington",98115,"West",NULL
"RO-19780","Rose O'Brian","Consumer",25,"United States","Memphis","Tennessee",38109,"South",NULL
"MD-17350","Maribeth Dona","Consumer",31,"United States","Fayetteville","Arkansas",72701,"South",NULL
"MY-17380","Maribeth Yedwab","Corporate",70,"United States","Parker","Colorado",80134,"West",NULL
"CM-12385","Christopher Martinez","Consumer",19,"United States","Atlanta","Georgia",30318,"South",NULL
"LS-17245","Lynn Smith","Consumer",59,"United States","Gladstone","Missouri",64118,"Central",NULL
"BN-11515","Bradley Nguyen","Consumer",63,"United States","Los Angeles","California",90049,"West",NULL
"DB-13210","Dean Braden","Consumer",41,"United States","Houston","Texas",77041,"Central",NULL
"MC-17605","Matt Connell","Corporate",49,"United States","Detroit","Michigan",48234,"Central",NULL
"BD-11605","Brian Dahlen","Consumer",40,"United States","Lawrence","Massachusetts",1841,"East",NULL
"PH-18790","Patricia Hirasaki","Home Office",55,"United States","Lakeland","Florida",33801,"South",NULL
"MG-18145","Mike Gockenbach","Consumer",51,"United States","Philadelphia","Pennsylvania",19134,"East",NULL
"KB-16240","Karen Bern","Corporate",42,"United States","Los Angeles","California",90036,"West",NULL
"JC-15340","Jasper Cacioppo","Consumer",39,"United States","Los Angeles","California",90032,"West",NULL
"RL-19615","Rob Lucas","Consumer",53,"United States","Montgomery","Alabama",36116,"South",NULL
"AA-10375","Allen Armold","Consumer",22,"United States","Mesa","Arizona",85204,"West",NULL
"EP-13915","Emily Phan","Consumer",38,"United States","Chicago","Illinois",60653,"Central",NULL
"DK-12985","Darren Koutras","Consumer",58,"United States","Henderson","Kentucky",42420,"South",NULL
"BD-11500","Bradley Drucker","Consumer",47,"United States","Green Bay","Wisconsin",54302,"Central",NULL
"LM-17065","Liz MacKendrick","Consumer",32,"United States","Springfield","Ohio",45503,"East",NULL
"AS-10135","Adrian Shami","Home Office",65,"United States","New York City","New York",10035,"East",NULL
"BD-11320","Bill Donatelli","Consumer",68,"United States","San Francisco","California",94110,"West",NULL
"GT-14710","Greg Tran","Consumer",67,"United States","Houston","Texas",77070,"Central",NULL
"AJ-10945","Ashley Jarboe","Consumer",62,"United States","Wilmington","North Carolina",28403,"South",NULL
"OT-18730","Olvera Toch","Consumer",39,"United States","Los Angeles","California",90045,"West",NULL
"LP-17080","Liz Pelletier","Consumer",22,"United States","San Francisco","California",94110,"West",NULL
"CA-12775","Cynthia Arntzen","Consumer",57,"United States","Tampa","Florida",33614,"South",NULL
"JF-15490","Jeremy Farry","Consumer",38,"United States","Seattle","Washington",98105,"West",NULL
"FP-14320","Frank Preis","Consumer",20,"United States","Los Angeles","California",90008,"West",NULL
"EB-13840","Ellis Ballard","Corporate",25,"United States","Seattle","Washington",98105,"West",NULL
"JF-15415","Jennifer Ferguson","Consumer",40,"United States","New York City","New York",10024,"East",NULL
"SF-20200","Sarah Foster","Consumer",38,"United States","Marysville","Washington",98270,"West",NULL
"TG-21640","Trudy Glocke","Consumer",41,"United States","Long Beach","California",90805,"West",NULL
"CS-11950","Carlos Soltero","Consumer",18,"United States","Chicago","Illinois",60610,"Central",NULL
"CC-12145","Charles Crestani","Consumer",21,"United States","Los Angeles","California",90004,"West",NULL
"DV-13465","Dianna Vittorini","Consumer",60,"United States","Denver","Colorado",80219,"West",NULL
"BD-11725","Bruce Degenhardt","Consumer",36,"United States","Richmond","Kentucky",40475,"South",NULL
"ZC-21910","Zuschuss Carroll","Consumer",61,"United States","Salem","Oregon",97301,"West",NULL
"MS-17830","Melanie Seite","Consumer",61,"United States","Laredo","Texas",78041,"Central",NULL
"LR-16915","Lena Radford","Consumer",35,"United States","San Diego","California",92024,"West",NULL
"TP-21130","Theone Pippenger","Consumer",64,"United States","Philadelphia","Pennsylvania",19134,"East",NULL
"CK-12205","Chloris Kastensmidt","Consumer",61,"United States","Philadelphia","Pennsylvania",19120,"East",NULL
"AS-10240","Alan Shonely","Consumer",68,"United States","Tampa","Florida",33614,"South",NULL
"AR-10510","Andrew Roberts","Consumer",58,"United States","Philadelphia","Pennsylvania",19134,"East",NULL
"NB-18655","Nona Balk","Corporate",42,"United States","Dallas","Texas",75217,"Central",NULL
"GD-14590","Giulietta Dortch","Corporate",62,"United States","Philadelphia","Pennsylvania",19143,"East",NULL
"CK-12595","Clytie Kelty","Consumer",60,"United States","Grove City","Ohio",43123,"East",NULL
"NG-18355","Nat Gilpin","Corporate",57,"United States","New York City","New York",10011,"East",NULL
"CA-12265","Christina Anderson","Consumer",49,"United States","Chicago","Illinois",60610,"Central",NULL
"SF-20965","Sylvia Foulston","Corporate",64,"United States","Dearborn","Michigan",48126,"Central",NULL
"MO-17800","Meg O'Connel","Home Office",22,"United States","New York City","New York",10009,"East",NULL
"AT-10735","Annie Thurman","Consumer",30,"United States","Seattle","Washington",98115,"West",NULL
"FM-14380","Fred McMath","Consumer",30,"United States","Aurora","Colorado",80013,"West",NULL
"DJ-13420","Denny Joy","Corporate",21,"United States","Warner Robins","Georgia",31088,"South",NULL
"ME-17725","Max Engle","Consumer",50,"United States","Aurora","Colorado",80013,"West",NULL
"JD-16150","Justin Deggeller","Corporate",37,"United States","Minneapolis","Minnesota",55407,"Central",NULL
"JL-15835","John Lee","Consumer",57,"United States","Mission Viejo","California",92691,"West",NULL
"SC-20305","Sean Christensen","Consumer",30,"United States","Rochester Hills","Michigan",48307,"Central",NULL
"CC-12430","Chuck Clark","Home Office",66,"United States","Columbus","Indiana",47201,"Central",NULL
"AR-10825","Anthony Rawles","Corporate",39,"United States","Vancouver","Washington",98661,"West",NULL
"SR-20740","Steven Roelle","Home Office",19,"United States","New York City","New York",10024,"East",NULL
"CR-12730","Craig Reiter","Consumer",25,"United States","Columbus","Ohio",43229,"East",NULL
"EH-14125","Eugene Hildebrand","Home Office",41,"United States","Aurora","Illinois",60505,"Central",NULL
"SP-20545","Sibella Parks","Corporate",68,"United States","New York City","New York",10011,"East",NULL
"TH-21235","Tiffany House","Corporate",28,"United States","Dallas","Texas",75081,"Central",NULL
"RP-19390","Resi Polking","Consumer",44,"United States","Cleveland","Ohio",44105,"East",NULL
"RB-19570","Rob Beeghly","Consumer",57,"United States","Columbus","Indiana",47201,"Central",NULL
"CD-11980","Carol Darley","Consumer",61,"United States","Tyler","Texas",75701,"Central",NULL
"DJ-13630","Doug Jacobs","Consumer",41,"United States","New York City","New York",10024,"East",NULL
"GT-14635","Grant Thornton","Corporate",19,"United States","Burlington","North Carolina",27217,"South",NULL
"MC-17845","Michael Chen","Consumer",50,"United States","Jackson","Mississippi",39212,"South",NULL
"RA-19285","Ralph Arnett","Consumer",45,"United States","New York City","New York",10035,"East",NULL
"NP-18325","Naresj Patel","Consumer",70,"United States","Waynesboro","Virginia",22980,"South",NULL
"AB-10165","Alan Barnes","Consumer",22,"United States","Los Angeles","California",90036,"West",NULL
"JO-15550","Jesus Ocampo","Home Office",58,"United States","Chester","Pennsylvania",19013,"East",NULL
"JK-15370","Jay Kimmel","Consumer",27,"United States","Long Beach","California",90805,"West",NULL
"BN-11470","Brad Norvell","Corporate",20,"United States","Cary","North Carolina",27511,"South",NULL
"DP-13165","David Philippe","Consumer",50,"United States","New York City","New York",10035,"East",NULL
"TH-21550","Tracy Hopkins","Home Office",48,"United States","New York City","New York",10035,"East",NULL
"AP-10915","Arthur Prichep","Consumer",61,"United States","Palm Coast","Florida",32137,"South",NULL
"RS-19765","Roland Schwarz","Corporate",45,"United States","Mount Vernon","New York",10550,"East",NULL
"SV-20365","Seth Vernon","Consumer",22,"United States","Dover","Delaware",19901,"East",NULL
"CK-12325","Christine Kargatis","Home Office",53,"United States","Orem","Utah",84057,"West",NULL
"RD-19810","Ross DeVincentis","Home Office",35,"United States","Los Angeles","California",90045,"West",NULL
"MR-17545","Mathew Reese","Home Office",37,"United States","Philadelphia","Pennsylvania",19140,"East",NULL
"SC-20695","Steve Chapman","Corporate",46,"United States","Hialeah","Florida",33012,"South",NULL
"JF-15355","Jay Fein","Consumer",70,"United States","Austin","Texas",78745,"Central",NULL
"EG-13900","Emily Grady","Consumer",60,"United States","Oceanside","New York",11572,"East",NULL
"DS-13030","Darrin Sayre","Home Office",62,"United States","Seattle","Washington",98115,"West",NULL
"PO-19195","Phillina Ober","Home Office",45,"United States","Naperville","Illinois",60540,"Central",NULL
"SS-20875","Sung Shariari","Consumer",18,"United States","Dallas","Texas",75220,"Central",NULL
"PB-19105","Peter Buhler","Consumer",32,"United States","Evanston","Illinois",60201,"Central",NULL
"RF-19735","Roland Fjeld","Consumer",38,"United States","Trenton","Michigan",48183,"Central",NULL
"YC-21895","Yoseph Carroll","Corporate",42,"United States","San Francisco","California",94110,"West",NULL
"DC-13285","Debra Catini","Consumer",48,"United States","Cottage Grove","Minnesota",55016,"Central",NULL
"CP-12340","Christine Phan","Corporate",38,"United States","New York City","New York",10009,"East",NULL
"BF-11020","Barry Franzosisch","Corporate",67,"United States","Green Bay","Wisconsin",54302,"Central",NULL
"LH-17020","Lisa Hazard","Consumer",60,"United States","Columbus","Ohio",43229,"East",NULL
"CS-12250","Chris Selesnick","Corporate",59,"United States","Bossier City","Louisiana",71111,"South",NULL
"AJ-10795","Anthony Johnson","Corporate",27,"United States","Saint Petersburg","Florida",33710,"South",NULL
"BV-11245","Benjamin Venier","Corporate",46,"United States","Des Moines","Iowa",50315,"Central",NULL
"DL-12865","Dan Lawera","Consumer",26,"United States","Cincinnati","Ohio",45231,"East",NULL
"BM-11785","Bryan Mills","Consumer",31,"United States","Columbus","Ohio",43229,"East",NULL
"LT-17110","Liz Thompson","Consumer",51,"United States","Lancaster","California",93534,"West",NULL
"JK-15730","Joe Kamberova","Consumer",69,"United States","Asheville","North Carolina",28806,"South",NULL
"ES-14020","Erica Smith","Consumer",47,"United States","San Francisco","California",94110,"West",NULL
"RH-19495","Rick Hansen","Consumer",19,"United States","Rochester","Minnesota",55901,"Central",NULL
"CD-11920","Carlos Daly","Consumer",51,"United States","Lake Elsinore","California",92530,"West",NULL
"HW-14935","Helen Wasserman","Corporate",55,"United States","San Diego","California",92105,"West",NULL
"MC-18130","Mike Caudle","Corporate",59,"United States","Monroe","Louisiana",71203,"South",NULL
"GM-14440","Gary McGarr","Consumer",19,"United States","San Francisco","California",94122,"West",NULL
"PJ-19015","Pauline Johnson","Consumer",48,"United States","Santa Ana","California",92704,"West",NULL
"BW-11110","Bart Watters","Corporate",50,"United States","Milwaukee","Wisconsin",53209,"Central",NULL
"TR-21325","Toby Ritter","Consumer",45,"United States","Belleville","New Jersey",7109,"East",NULL
"PG-18820","Patrick Gardner","Consumer",38,"United States","San Francisco","California",94110,"West",NULL
"JL-15175","James Lanier","Home Office",25,"United States","Columbia","Tennessee",38401,"South",NULL
"BM-11650","Brian Moss","Corporate",48,"United States","New York City","New York",10035,"East",NULL
"EM-14095","Eudokia Martin","Corporate",56,"United States","Los Angeles","California",90036,"West",NULL
"AF-10885","Art Foster","Consumer",40,"United States","Louisville","Kentucky",40214,"South",NULL
"GA-14725","Guy Armstrong","Consumer",32,"United States","Lorain","Ohio",44052,"East",NULL
"CK-12760","Cyma Kinney","Corporate",18,"United States","Linden","New Jersey",7036,"East",NULL
"DP-13105","Dave Poirier","Corporate",66,"United States","Salinas","California",93905,"West",NULL
"BK-11260","Berenike Kampe","Consumer",37,"United States","New York City","New York",10035,"East",NULL
"SJ-20125","Sanjit Jacobs","Home Office",38,"United States","New Brunswick","New Jersey",8901,"East",NULL
"CM-12445","Chuck Magee","Consumer",27,"United States","San Francisco","California",94122,"West",NULL
"AJ-10780","Anthony Jacobs","Corporate",47,"United States","Springfield","Virginia",22153,"South",NULL
"LS-16945","Linda Southworth","Corporate",21,"United States","Philadelphia","Pennsylvania",19140,"East",NULL
"GP-14740","Guy Phonely","Corporate",28,"United States","Lancaster","Pennsylvania",17602,"East",NULL
"PK-18910","Paul Knutson","Home Office",42,"United States","Philadelphia","Pennsylvania",19143,"East",NULL
"SM-20005","Sally Matthias","Consumer",51,"United States","New York City","New York",10009,"East",NULL
"AG-10765","Anthony Garverick","Home Office",40,"United States","Philadelphia","Pennsylvania",19120,"East",NULL
"PM-19135","Peter McVee","Home Office",65,"United States","Detroit","Michigan",48227,"Central",NULL
"LL-16840","Lauren Leatherbury","Consumer",29,"United States","Rochester","New York",14609,"East",NULL
"JS-15595","Jill Stevenson","Corporate",65,"United States","Los Angeles","California",90045,"West",NULL
"EL-13735","Ed Ludwig","Home Office",42,"United States","Columbia","Maryland",21044,"East",NULL
"PC-18745","Pamela Coakley","Corporate",25,"United States","San Francisco","California",94122,"West",NULL
"HL-15040","Hunter Lopez","Consumer",65,"United States","Houston","Texas",77095,"Central",NULL
"MS-17365","Maribeth Schnelling","Consumer",55,"United States","Detroit","Michigan",48227,"Central",NULL
"GB-14530","George Bell","Corporate",41,"United States","Auburn","New York",13021,"East",NULL
"JR-16210","Justin Ritter","Corporate",68,"United States","Springfield","Ohio",45503,"East",NULL
"BE-11335","Bill Eplett","Home Office",20,"United States","Jackson","Michigan",49201,"Central",NULL
"SC-20050","Sample Company A","Home Office",38,"United States","Norwich","Connecticut",6360,"East",NULL
"RW-19630","Rob Williams","Corporate",23,"United States","Dallas","Texas",75220,"Central",NULL
"SE-20110","Sanjit Engle","Consumer",28,"United States","New York City","New York",10009,"East",NULL
"AH-10075","Adam Hart","Corporate",21,"United States","New York City","New York",10011,"East",NULL
"JM-15535","Jessica Myrick","Consumer",36,"United States","Philadelphia","Pennsylvania",19143,"East",NULL
"JJ-15760","Joel Jenkins","Home Office",59,"United States","Springfield","Virginia",22153,"South",NULL
"RK-19300","Ralph Kennedy","Consumer",29,"United States","Philadelphia","Pennsylvania",19140,"East",NULL
"CG-12040","Catherine Glotzbach","Home Office",27,"United States","Philadelphia","Pennsylvania",19120,"East",NULL
"RP-19270","Rachel Payne","Corporate",47,"United States","Riverside","California",92503,"West",NULL
"KC-16255","Karen Carlisle","Corporate",23,"United States","San Francisco","California",94110,"West",NULL
"KH-16360","Katherine Hughes","Consumer",69,"United States","Philadelphia","Pennsylvania",19143,"East",NULL
"GH-14665","Greg Hansen","Consumer",67,"United States","Round Rock","Texas",78664,"Central",NULL
"SW-20275","Scott Williamson","Consumer",35,"United States","Jackson","Mississippi",39212,"South",NULL
"JA-15970","Joseph Airdo","Consumer",56,"United States","Phoenix","Arizona",85023,"West",NULL
"DL-12925","Daniel Lacy","Consumer",23,"United States","Oceanside","California",92054,"West",NULL
"LW-16990","Lindsay Williams","Corporate",58,"United States","San Francisco","California",94110,"West",NULL
"TB-21190","Thomas Brumley","Home Office",29,"United States","Fayetteville","Arkansas",72701,"South",NULL
"BS-11800","Bryan Spruell","Home Office",53,"United States","New York City","New York",10011,"East",NULL
"RW-19690","Robert Waldorf","Consumer",29,"United States","Wilmington","North Carolina",28403,"South",NULL
"TZ-21580","Tracy Zic","Consumer",65,"United States","Louisville","Colorado",80027,"West",NULL
"AS-10630","Ann Steele","Home Office",54,"United States","Pasadena","Texas",77506,"Central",NULL
"TS-21340","Toby Swindell","Consumer",67,"United States","Houston","Texas",77041,"Central",NULL
"SL-20155","Sara Luxemburg","Home Office",55,"United States","Jacksonville","Florida",32216,"South",NULL
"MW-18235","Mitch Willingham","Corporate",30,"United States","Virginia Beach","Virginia",23464,"South",NULL
"RD-19585","Rob Dowd","Consumer",60,"United States","Henderson","Kentucky",42420,"South",NULL
"RA-19945","Ryan Akin","Consumer",39,"United States","Murrieta","California",92563,"West",NULL
"MT-17815","Meg Tillman","Consumer",58,"United States","Scottsdale","Arizona",85254,"West",NULL
"VG-21790","Vivek Gonzalez","Consumer",44,"United States","San Diego","California",92037,"West",NULL
"JS-15880","John Stevenson","Consumer",60,"United States","Seattle","Washington",98103,"West",NULL
"KM-16225","Kalyca Meade","Corporate",57,"United States","New York City","New York",10011,"East",NULL
"HR-14770","Hallie Redmond","Home Office",67,"United States","Los Angeles","California",90045,"West",NULL
"DE-13255","Deanra Eno","Home Office",42,"United States","Springfield","Ohio",45503,"East",NULL
"AG-10390","Allen Goldenen","Consumer",47,"United States","Cincinnati","Ohio",45231,"East",NULL
"JJ-15445","Jennifer Jackson","Consumer",47,"United States","Los Angeles","California",90004,"West",NULL
"JH-15430","Jennifer Halladay","Consumer",48,"United States","Burlington","North Carolina",27217,"South",NULL
"RD-19660","Robert Dilbeck","Home Office",53,"United States","Saint Peters","Missouri",63376,"Central",NULL
"MO-17500","Mary O'Rourke","Consumer",25,"United States","New York City","New York",10035,"East",NULL
"NS-18640","Noel Staavos","Corporate",37,"United States","Chicago","Illinois",60610,"Central",NULL
"DG-13300","Deirdre Greer","Corporate",60,"United States","Philadelphia","Pennsylvania",19134,"East",NULL
"NF-18595","Nicole Fjeld","Home Office",42,"United States","New York City","New York",10009,"East",NULL
"MG-17650","Matthew Grinstein","Home Office",53,"United States","Philadelphia","Pennsylvania",19143,"East",NULL
"TS-21160","Theresa Swint","Corporate",27,"United States","Toledo","Ohio",43615,"East",NULL
"BD-11620","Brian DeCherney","Consumer",46,"United States","San Francisco","California",94122,"West",NULL
"CM-12160","Charles McCrossin","Consumer",58,"United States","Brownsville","Texas",78521,"Central",NULL
"SN-20560","Skye Norling","Home Office",65,"United States","Los Angeles","California",90008,"West",NULL
"EH-14005","Erica Hernandez","Home Office",38,"United States","Denver","Colorado",80219,"West",NULL
"FO-14305","Frank Olsen","Consumer",22,"United States","New York City","New York",10035,"East",NULL
"MS-17710","Maurice Satty","Consumer",46,"United States","Mesa","Arizona",85204,"West",NULL
"CC-12100","Chad Cunningham","Home Office",30,"United States","Columbus","Indiana",47201,"Central",NULL
"DW-13540","Don Weiss","Consumer",60,"United States","Seattle","Washington",98105,"West",NULL
"BT-11395","Bill Tyler","Corporate",32,"United States","Detroit","Michigan",48227,"Central",NULL
"CY-12745","Craig Yedwab","Corporate",36,"United States","Oakland","California",94601,"West",NULL
"BT-11485","Brad Thomas","Home Office",66,"United States","Clinton","Maryland",20735,"East",NULL
"PS-19045","Penelope Sewall","Home Office",23,"United States","Charlotte","North Carolina",28205,"South",NULL
"PV-18985","Paul Van Hugh","Home Office",64,"United States","San Francisco","California",94122,"West",NULL
"NM-18520","Neoma Murray","Consumer",45,"United States","Riverside","California",92503,"West",NULL
"DL-13495","Dionis Lloyd","Corporate",52,"United States","San Francisco","California",94110,"West",NULL
"CS-12355","Christine Sundaresam","Consumer",63,"United States","Roswell","Georgia",30076,"South",NULL
"FH-14275","Frank Hawley","Corporate",26,"United States","La Porte","Indiana",46350,"Central",NULL
"NC-18340","Nat Carroll","Consumer",45,"United States","Lansing","Michigan",48911,"Central",NULL
"AA-10315","Alex Avila","Consumer",66,"United States","Minneapolis","Minnesota",55407,"Central",NULL
"LT-16765","Larry Tron","Consumer",42,"United States","Escondido","California",92025,"West",NULL
"AP-10720","Anne Pryor","Home Office",18,"United States","New York City","New York",10035,"East",NULL
"PM-18940","Paul MacIntyre","Consumer",41,"United States","Jackson","Michigan",49201,"Central",NULL
"AT-10435","Alyssa Tate","Home Office",19,"United States","Los Angeles","California",90004,"West",NULL
"CA-12055","Cathy Armstrong","Home Office",67,"United States","Houston","Texas",77070,"Central",NULL
"HR-14830","Harold Ryan","Corporate",69,"United States","Seattle","Washington",98103,"West",NULL
"BT-11530","Bradley Talbott","Home Office",34,"United States","Los Angeles","California",90036,"West",NULL
"LH-16750","Larry Hughes","Consumer",37,"United States","Charlotte","North Carolina",28205,"South",NULL
"SW-20755","Steven Ward","Corporate",57,"United States","New York City","New York",10009,"East",NULL
"SP-20620","Stefania Perrino","Corporate",32,"United States","Philadelphia","Pennsylvania",19134,"East",NULL
"BF-11170","Ben Ferrer","Home Office",19,"United States","Los Angeles","California",90036,"West",NULL
"KT-16480","Kean Thornton","Consumer",51,"United States","Buffalo","New York",14215,"East",NULL
"BG-11695","Brooke Gillingham","Corporate",46,"United States","Cincinnati","Ohio",45231,"East",NULL
"GM-14680","Greg Matthias","Consumer",69,"United States","Seattle","Washington",98105,"West",NULL
"EJ-14155","Eva Jacobs","Consumer",22,"United States","Gulfport","Mississippi",39503,"South",NULL
"NP-18700","Nora Preis","Consumer",32,"United States","Fresno","California",93727,"West",NULL
"MH-18115","Mick Hernandez","Home Office",25,"United States","Chester","Pennsylvania",19013,"East",NULL
"JR-15700","Jocasta Rupert","Consumer",69,"United States","Jacksonville","Florida",32216,"South",NULL
"SM-20950","Suzanne McNair","Corporate",54,"United States","Greenville","North Carolina",27834,"South",NULL
"CC-12220","Chris Cortes","Consumer",18,"United States","La Porte","Indiana",46350,"Central",NULL
"PF-19225","Phillip Flathmann","Consumer",49,"United States","San Francisco","California",94122,"West",NULL
"DC-12850","Dan Campbell","Consumer",50,"United States","Florence","Alabama",35630,"South",NULL
"BD-11770","Bryan Davis","Consumer",50,"United States","Houston","Texas",77070,"Central",NULL
"GM-14500","Gene McClure","Consumer",41,"United States","Providence","Rhode Island",2908,"East",NULL
"TB-21355","Todd Boyes","Corporate",53,"United States","New York City","New York",10009,"East",NULL
"JH-16180","Justin Hirsh","Consumer",57,"United States","Pueblo","Colorado",81001,"West",NULL
"EB-13975","Erica Bern","Corporate",53,"United States","Fairfield","California",94533,"West",NULL
"QJ-19255","Quincy Jones","Corporate",48,"United States","Saint Paul","Minnesota",55106,"Central",NULL
"TC-21535","Tracy Collins","Home Office",57,"United States","Arlington","Virginia",22204,"South",NULL
"CS-12460","Chuck Sachs","Consumer",44,"United States","Columbus","Georgia",31907,"South",NULL
"HG-14965","Henry Goldwyn","Corporate",32,"United States","Los Angeles","California",90032,"West",NULL
"LW-16825","Laurel Workman","Corporate",64,"United States","Deltona","Florida",32725,"South",NULL
"MC-17575","Matt Collins","Consumer",25,"United States","Cincinnati","Ohio",45231,"East",NULL
"LP-17095","Liz Preis","Consumer",58,"United States","Murray","Kentucky",42071,"South",NULL
"EB-14170","Evan Bailliet","Consumer",64,"United States","Wilmington","North Carolina",28403,"South",NULL
"GZ-14545","George Zrebassa","Corporate",56,"United States","Lawrence","Massachusetts",1841,"East",NULL
"CP-12085","Cathy Prescott","Corporate",62,"United States","Norwich","Connecticut",6360,"East",NULL
"FG-14260","Frank Gastineau","Home Office",67,"United States","San Francisco","California",94110,"West",NULL
"LD-17005","Lisa DeCherney","Consumer",65,"United States","San Francisco","California",94109,"West",NULL
"AB-10255","Alejandro Ballentine","Home Office",34,"United States","Lorain","Ohio",44052,"East",NULL
"MN-17935","Michael Nguyen","Consumer",41,"United States","Dallas","Texas",75220,"Central",NULL
"JR-15670","Jim Radford","Consumer",18,"United States","Middletown","Connecticut",6457,"East",NULL
"JF-15190","Jamie Frazer","Consumer",26,"United States","Los Angeles","California",90008,"West",NULL
"CM-12115","Chad McGuire","Consumer",50,"United States","New York City","New York",10011,"East",NULL
"AS-10045","Aaron Smayling","Corporate",42,"United States","Jacksonville","North Carolina",28540,"South",NULL
"BP-11290","Beth Paige","Consumer",26,"United States","Evanston","Illinois",60201,"Central",NULL
"ND-18370","Natalie DeCherney","Consumer",41,"United States","Louisville","Kentucky",40214,"South",NULL
"LB-16735","Larry Blacks","Consumer",65,"United States","Fort Worth","Texas",76106,"Central",NULL
"KT-16465","Kean Takahito","Consumer",24,"United States","Los Angeles","California",90049,"West",NULL
"HM-14860","Harry Marie","Corporate",64,"United States","Philadelphia","Pennsylvania",19120,"East",NULL
"AB-10600","Ann Blume","Corporate",34,"United States","Tucson","Arizona",85705,"West",NULL
"SZ-20035","Sam Zeldin","Home Office",39,"United States","Pico Rivera","California",90660,"West",NULL
"MG-17890","Michael Granlund","Home Office",31,"United States","Clinton","Maryland",20735,"East",NULL
"JK-16120","Julie Kriz","Home Office",67,"United States","Aurora","Illinois",60505,"Central",NULL
"PP-18955","Paul Prost","Home Office",44,"United States","Smyrna","Georgia",30080,"South",NULL
"YS-21880","Yana Sorensen","Corporate",31,"United States","Burlington","North Carolina",27217,"South",NULL
"KM-16375","Katherine Murray","Home Office",70,"United States","Salem","Virginia",24153,"South",NULL
"AB-10105","Adrian Barton","Consumer",63,"United States","Phoenix","Arizona",85023,"West",NULL
"HA-14905","Helen Abelman","Consumer",58,"United States","New York City","New York",10024,"East",NULL
"BT-11305","Beth Thompson","Home Office",38,"United States","Costa Mesa","California",92627,"West",NULL
"SV-20815","Stuart Van","Corporate",42,"United States","Houston","Texas",77041,"Central",NULL
"RW-19540","Rick Wilson","Corporate",52,"United States","Mesa","Arizona",85204,"West",NULL
"DK-12835","Damala Kotsonis","Corporate",57,"United States","Salinas","California",93905,"West",NULL
"ST-20530","Shui Tom","Consumer",26,"United States","Parma","Ohio",44134,"East",NULL
"MM-17920","Michael Moore","Consumer",41,"United States","San Francisco","California",94110,"West",NULL
"PW-19030","Pauline Webber","Corporate",47,"United States","Richmond","Kentucky",40475,"South",NULL
"SC-20440","Shaun Chance","Corporate",28,"United States","Aurora","Colorado",80013,"West",NULL
"TS-21085","Thais Sissman","Consumer",21,"United States","Phoenix","Arizona",85023,"West",NULL
"MC-17425","Mark Cousins","Corporate",50,"United States","Mobile","Alabama",36608,"South",NULL
"ME-17320","Maria Etezadi","Home Office",48,"United States","Columbus","Georgia",31907,"South",NULL
"NH-18610","Nicole Hansen","Corporate",44,"United States","Irving","Texas",75061,"Central",NULL
"MB-18085","Mick Brown","Consumer",54,"United States","Vineland","New Jersey",8360,"East",NULL
"KD-16495","Keith Dawkins","Corporate",68,"United States","New York City","New York",10009,"East",NULL
"KN-16390","Katherine Nockton","Corporate",43,"United States","Los Angeles","California",90004,"West",NULL
"NP-18685","Nora Pelletier","Home Office",42,"United States","Niagara Falls","New York",14304,"East",NULL
"CS-12505","Cindy Stewart","Consumer",41,"United States","Thomasville","North Carolina",27360,"South",NULL
"MS-17770","Maxwell Schwartz","Consumer",47,"United States","New York City","New York",10035,"East",NULL
"CM-12655","Corinna Mitchell","Home Office",33,"United States","Los Angeles","California",90008,"West",NULL
"Co-12640","Corey-Lock","Consumer",55,"United States","Philadelphia","Pennsylvania",19143,"East",NULL
"TS-21370","Todd Sumrall","Corporate",62,"United States","New York City","New York",10035,"East",NULL
"JW-15220","Jane Waco","Corporate",24,"United States","Vancouver","Washington",98661,"West",NULL
"JD-15790","John Dryer","Consumer",26,"United States","Coppell","Texas",75019,"Central",NULL
"PC-19000","Pauline Chand","Home Office",49,"United States","Los Angeles","California",90004,"West",NULL
"AR-10540","Andy Reiter","Consumer",48,"United States","New York City","New York",10024,"East",NULL
"AI-10855","Arianne Irving","Consumer",35,"United States","Philadelphia","Pennsylvania",19120,"East",NULL
"TB-21400","Tom Boeckenhauer","Consumer",37,"United States","Seattle","Washington",98105,"West",NULL
"PL-18925","Paul Lucas","Home Office",20,"United States","Chicago","Illinois",60610,"Central",NULL
"GH-14425","Gary Hwang","Consumer",63,"United States","Tucson","Arizona",85705,"West",NULL
"MP-18175","Mike Pelletier","Home Office",34,"United States","Laguna Niguel","California",92677,"West",NULL
"JM-15655","Jim Mitchum","Corporate",28,"United States","Bridgeton","New Jersey",8302,"East",NULL
"CL-11890","Carl Ludwig","Consumer",63,"United States","Everett","Massachusetts",2149,"East",NULL
"DB-13270","Deborah Brumfield","Home Office",24,"United States","San Diego","California",92024,"West",NULL
"IG-15085","Ivan Gibson","Consumer",63,"United States","San Diego","California",92024,"West",NULL
"BO-11425","Bobby Odegard","Consumer",63,"United States","Richmond","Kentucky",40475,"South",NULL
"AB-10150","Aimee Bixby","Consumer",65,"United States","Long Beach","New York",11561,"East",NULL
"JW-16075","Julia West","Consumer",25,"United States","Philadelphia","Pennsylvania",19140,"East",NULL
"EB-13750","Edward Becker","Corporate",20,"United States","Seattle","Washington",98103,"West",NULL
"SG-20470","Sheri Gordon","Consumer",44,"United States","New York City","New York",10011,"East",NULL
"CM-12190","Charlotte Melton","Consumer",66,"United States","Philadelphia","Pennsylvania",19134,"East",NULL
"AW-10840","Anthony Witt","Consumer",37,"United States","Allen","Texas",75002,"Central",NULL
"MC-18100","Mick Crebagga","Consumer",65,"United States","El Paso","Texas",79907,"Central",NULL
"TT-21460","Tonja Turnell","Home Office",22,"United States","Aurora","Illinois",60505,"Central",NULL
"VG-21805","Vivek Grady","Corporate",54,"United States","Virginia Beach","Virginia",23464,"South",NULL
"MY-18295","Muhammed Yedwab","Corporate",25,"United States","Grapevine","Texas",76051,"Central",NULL
"RD-19480","Rick Duston","Consumer",47,"United States","Olympia","Washington",98502,"West",NULL
"DP-13390","Dennis Pardue","Home Office",44,"United States","Peoria","Illinois",61604,"Central",NULL
"ML-17395","Marina Lichtenstein","Corporate",44,"United States","Los Angeles","California",90008,"West",NULL
"JC-15385","Jenna Caffey","Consumer",35,"United States","Kent","Washington",98031,"West",NULL
"JG-15160","James Galang","Consumer",37,"United States","Los Angeles","California",90049,"West",NULL
"MC-17275","Marc Crier","Consumer",24,"United States","Lafayette","Louisiana",70506,"South",NULL
"NW-18400","Natalie Webber","Consumer",29,"United States","Tigard","Oregon",97224,"West",NULL
"TB-21280","Toby Braunhardt","Consumer",24,"United States","Washington","District of Columbia",20016,"East",NULL
"BS-11380","Bill Stewart","Corporate",53,"United States","Skokie","Illinois",60076,"Central",NULL
"HH-15010","Hilary Holden","Corporate",58,"United States","San Francisco","California",94110,"West",NULL
"CD-12280","Christina DeMoss","Consumer",42,"United States","Seattle","Washington",98105,"West",NULL
"TH-21100","Thea Hendricks","Consumer",21,"United States","Los Angeles","California",90045,"West",NULL
"MM-18055","Michelle Moray","Consumer",19,"United States","Seattle","Washington",98115,"West",NULL
"NS-18505","Neola Schneider","Consumer",54,"United States","Dallas","Texas",75217,"Central",NULL
"RB-19645","Robert Barroso","Corporate",40,"United States","North Las Vegas","Nevada",89031,"West",NULL
"SW-20455","Shaun Weien","Consumer",21,"United States","Suffolk","Virginia",23434,"South",NULL
"EB-13930","Eric Barreto","Consumer",63,"United States","San Francisco","California",94110,"West",NULL
"PS-18760","Pamela Stobb","Consumer",36,"United States","Los Angeles","California",90008,"West",NULL
"HF-14995","Herbert Flentye","Consumer",19,"United States","Indianapolis","Indiana",46203,"Central",NULL
"HZ-14950","Henia Zydlo","Consumer",32,"United States","Columbus","Ohio",43229,"East",NULL
"CD-12790","Cynthia Delaney","Home Office",70,"United States","San Diego","California",92037,"West",NULL
"JK-15205","Jamie Kunitz","Consumer",48,"United States","San Francisco","California",94122,"West",NULL
"FM-14215","Filia McAdams","Corporate",62,"United States","Dublin","Ohio",43017,"East",NULL
"ED-13885","Emily Ducich","Home Office",28,"United States","San Diego","California",92037,"West",NULL
"DA-13450","Dianna Arnett","Home Office",38,"United States","Houston","Texas",77095,"Central",NULL
"JW-15955","Joni Wasserman","Consumer",45,"United States","Oakland","California",94601,"West",NULL
"RM-19375","Raymond Messe","Consumer",39,"United States","Houston","Texas",77095,"Central",NULL
"ML-17755","Max Ludwig","Home Office",22,"United States","Suffolk","Virginia",23434,"South",NULL
"CC-12685","Craig Carroll","Consumer",59,"United States","Greensboro","North Carolina",27405,"South",NULL
"JE-15610","Jim Epp","Corporate",38,"United States","Milwaukee","Wisconsin",53209,"Central",NULL
"RP-19855","Roy Phan","Corporate",50,"United States","Kenosha","Wisconsin",53142,"Central",NULL
"TB-21175","Thomas Boland","Corporate",45,"United States","Houston","Texas",77041,"Central",NULL
"BE-11455","Brad Eason","Home Office",20,"United States","Olathe","Kansas",66062,"Central",NULL
"JF-15565","Jill Fjeld","Consumer",36,"United States","Dallas","Texas",75081,"Central",NULL
"PB-19210","Phillip Breyer","Corporate",32,"United States","Tulsa","Oklahoma",74133,"Central",NULL
"BT-11680","Brian Thompson","Consumer",70,"United States","Newark","Ohio",43055,"East",NULL
"JL-15235","Janet Lee","Consumer",29,"United States","Chicago","Illinois",60623,"Central",NULL
"CH-12070","Cathy Hwang","Home Office",36,"United States","Raleigh","North Carolina",27604,"South",NULL
"ND-18460","Neil Ducich","Corporate",33,"United States","Macon","Georgia",31204,"South",NULL
"BF-10975","Barbara Fisher","Corporate",47,"United States","Charlotte","North Carolina",28205,"South",NULL
"KH-16330","Katharine Harms","Corporate",66,"United States","Bowling Green","Kentucky",42104,"South",NULL
"GW-14605","Giulietta Weimer","Consumer",49,"United States","Seattle","Washington",98115,"West",NULL
"NC-18625","Noah Childs","Corporate",48,"United States","Aurora","Colorado",80013,"West",NULL
"ME-18010","Michelle Ellison","Corporate",34,"United States","San Francisco","California",94122,"West",NULL
"BP-11230","Benjamin Patterson","Consumer",19,"United States","Spokane","Washington",99207,"West",NULL
"JC-15775","John Castell","Consumer",22,"United States","San Antonio","Texas",78207,"Central",NULL
"AS-10090","Adam Shillingsburg","Consumer",46,"United States","Charlottesville","Virginia",22901,"South",NULL
"AC-10450","Amy Cox","Consumer",46,"United States","Minneapolis","Minnesota",55407,"Central",NULL
"MD-17860","Michael Dominguez","Corporate",21,"United States","Indianapolis","Indiana",46203,"Central",NULL
"DB-13660","Duane Benoit","Consumer",21,"United States","Oceanside","New York",11572,"East",NULL
"EH-13990","Erica Hackney","Consumer",22,"United States","Roswell","Georgia",30076,"South",NULL
"EH-13765","Edward Hooks","Corporate",44,"United States","Watertown","New York",13601,"East",NULL
"SC-20230","Scot Coram","Corporate",20,"United States","Arlington","Texas",76017,"Central",NULL
"JE-15715","Joe Elijah","Consumer",44,"United States","Broomfield","Colorado",80020,"West",NULL
"AC-10615","Ann Chong","Corporate",61,"United States","New York City","New York",10009,"East",NULL
"JD-16015","Joy Daniels","Consumer",23,"United States","Chicago","Illinois",60610,"Central",NULL
"CB-12415","Christy Brittain","Consumer",47,"United States","Columbus","Ohio",43229,"East",NULL
"JS-16030","Joy Smith","Consumer",51,"United States","Houston","Texas",77036,"Central",NULL
"LW-17215","Luke Weiss","Consumer",60,"United States","Pasadena","California",91104,"West",NULL
"SC-20800","Stuart Calhoun","Consumer",20,"United States","Houston","Texas",77041,"Central",NULL
"AM-10705","Anne McFarland","Consumer",28,"United States","Auburn","Alabama",36830,"South",NULL
"RH-19510","Rick Huthwaite","Home Office",67,"United States","Providence","Rhode Island",2908,"East",NULL
"CT-11995","Carol Triggs","Consumer",57,"United States","Rochester","Minnesota",55901,"Central",NULL
"MC-17590","Matt Collister","Corporate",36,"United States","Perth Amboy","New Jersey",8861,"East",NULL
"CC-12610","Corey Catlett","Corporate",18,"United States","Philadelphia","Pennsylvania",19134,"East",NULL
"KA-16525","Kelly Andreada","Consumer",59,"United States","Ontario","California",91761,"West",NULL
"TC-20980","Tamara Chand","Corporate",29,"United States","Seattle","Washington",98105,"West",NULL
"BF-11080","Bart Folk","Consumer",23,"United States","Baltimore","Maryland",21215,"East",NULL
"MM-17260","Magdelene Morse","Consumer",49,"United States","Wilmington","Delaware",19805,"East",NULL
"AH-10120","Adrian Hane","Home Office",27,"United States","Tucson","Arizona",85705,"West",NULL
"BW-11200","Ben Wallace","Consumer",31,"United States","Boynton Beach","Florida",33437,"South",NULL
"SW-20245","Scot Wooten","Consumer",20,"United States","Stockton","California",95207,"West",NULL
"BS-11665","Brian Stugart","Consumer",21,"United States","Philadelphia","Pennsylvania",19143,"East",NULL
"RF-19345","Randy Ferguson","Corporate",48,"United States","Dover","New Hampshire",3820,"East",NULL
"WB-21850","William Brown","Consumer",38,"United States","Philadelphia","Pennsylvania",19134,"East",NULL
"TB-21625","Trudy Brown","Consumer",63,"United States","Grand Prairie","Texas",75051,"Central",NULL
"AF-10870","Art Ferguson","Consumer",63,"United States","College Station","Texas",77840,"Central",NULL
"RB-19435","Richard Bierner","Consumer",18,"United States","Saint Louis","Missouri",63116,"Central",NULL
"KF-16285","Karen Ferguson","Home Office",65,"United States","Manteca","California",95336,"West",NULL
"JH-15820","John Huston","Consumer",37,"United States","Kent","Ohio",44240,"East",NULL
"IL-15100","Ivan Liston","Consumer",53,"United States","San Francisco","California",94122,"West",NULL
"PB-18805","Patrick Bzostek","Home Office",61,"United States","Salt Lake City","Utah",84106,"West",NULL
"RH-19600","Rob Haberlin","Consumer",21,"United States","Huntsville","Alabama",35810,"South",NULL
"AW-10930","Arthur Wiediger","Home Office",58,"United States","Aurora","Illinois",60505,"Central",NULL
"ML-17410","Maris LaWare","Consumer",30,"United States","Fairfield","Connecticut",6824,"East",NULL
"DB-13555","Dorothy Badders","Corporate",58,"United States","Jacksonville","Florida",32216,"South",NULL
"MH-17620","Matt Hagelstein","Corporate",22,"United States","San Francisco","California",94110,"West",NULL
"DK-13375","Dennis Kane","Consumer",56,"United States","Marion","Ohio",43302,"East",NULL
"BT-11440","Bobby Trafton","Consumer",20,"United States","Littleton","Colorado",80122,"West",NULL
"DB-13405","Denny Blanton","Consumer",41,"United States","La Porte","Indiana",46350,"Central",NULL
"TG-21310","Toby Gnade","Consumer",68,"United States","Los Angeles","California",90049,"West",NULL
"BF-11005","Barry Franz","Home Office",56,"United States","Pasadena","California",91104,"West",NULL
"JM-16195","Justin MacKendrick","Consumer",18,"United States","Los Angeles","California",90004,"West",NULL
"MZ-17335","Maria Zettner","Home Office",29,"United States","San Diego","California",92024,"West",NULL
"MW-18220","Mitch Webber","Consumer",69,"United States","New York City","New York",10035,"East",NULL
"MV-17485","Mark Van Huff","Consumer",54,"United States","Arlington","Virginia",22204,"South",NULL
"SM-20320","Sean Miller","Home Office",62,"United States","Monroe","North Carolina",28110,"South",NULL
"TP-21415","Tom Prescott","Consumer",52,"United States","Seattle","Washington",98115,"West",NULL
"JK-15625","Jim Karlsson","Consumer",34,"United States","Seattle","Washington",98115,"West",NULL
"PJ-18835","Patrick Jones","Corporate",19,"United States","Murfreesboro","Tennessee",37130,"South",NULL
"RS-19420","Ricardo Sperren","Corporate",44,"United States","Seattle","Washington",98115,"West",NULL
"SV-20935","Susan Vittorini","Consumer",53,"United States","New York City","New York",10009,"East",NULL
"BC-11125","Becky Castell","Home Office",35,"United States","Peoria","Arizona",85345,"West",NULL
"EM-13825","Elizabeth Moffitt","Corporate",63,"United States","Sioux Falls","South Dakota",57103,"Central",NULL
"BM-11575","Brendan Murry","Corporate",22,"United States","New York City","New York",10035,"East",NULL
"KN-16705","Kristina Nunn","Home Office",65,"United States","Fort Collins","Colorado",80525,"West",NULL
"KW-16570","Kelly Williams","Consumer",50,"United States","Clarksville","Tennessee",37042,"South",NULL
"SC-20260","Scott Cohen","Corporate",24,"United States","San Francisco","California",94122,"West",NULL
"CV-12295","Christina VanderZanden","Consumer",58,"United States","Fresno","California",93727,"West",NULL
"SG-20605","Speros Goranitis","Consumer",69,"United States","New York City","New York",10009,"East",NULL
"TM-21010","Tamara Manning","Consumer",31,"United States","San Francisco","California",94122,"West",NULL
"EM-13810","Eleni McCrary","Corporate",59,"United States","Los Angeles","California",90036,"West",NULL
"ML-18040","Michelle Lonsdale","Corporate",22,"United States","Albuquerque","New Mexico",87105,"West",NULL
"CR-12580","Clay Rozendal","Home Office",52,"United States","Elmhurst","Illinois",60126,"Central",NULL
"AZ-10750","Annie Zypern","Consumer",59,"United States","New York City","New York",10009,"East",NULL
"PW-19240","Pierre Wener","Consumer",70,"United States","Louisville","Colorado",80027,"West",NULL
"SC-20380","Shahid Collister","Consumer",68,"United States","Seattle","Washington",98115,"West",NULL
"CM-11935","Carlos Meador","Consumer",56,"United States","Fayetteville","North Carolina",28314,"South",NULL
"GM-14695","Greg Maxwell","Corporate",49,"United States","Los Angeles","California",90036,"West",NULL
"TB-21250","Tim Brockman","Consumer",39,"United States","New York City","New York",10024,"East",NULL
"JM-15865","John Murray","Consumer",66,"United States","Jamestown","New York",14701,"East",NULL
"SC-20575","Sonia Cooley","Consumer",58,"United States","Mishawaka","Indiana",46544,"Central",NULL
"LS-17200","Luke Schmidt","Corporate",59,"United States","Skokie","Illinois",60076,"Central",NULL
"RR-19315","Ralph Ritter","Consumer",31,"United States","San Francisco","California",94110,"West",NULL
"DB-12910","Daniel Byrd","Home Office",38,"United States","Tampa","Florida",33614,"South",NULL
"TT-21220","Thomas Thornton","Consumer",47,"United States","Houston","Texas",77041,"Central",NULL
"LO-17170","Lori Olson","Corporate",29,"United States","La Quinta","California",92253,"West",NULL
"KD-16615","Ken Dana","Corporate",41,"United States","Scottsdale","Arizona",85254,"West",NULL
"NB-18580","Nicole Brennan","Corporate",33,"United States","Philadelphia","Pennsylvania",19134,"East",NULL
"BD-11635","Brian Derr","Consumer",42,"United States","Bowling Green","Kentucky",42104,"South",NULL
"CM-12235","Chris McAfee","Consumer",35,"United States","Carrollton","Texas",75007,"Central",NULL
"EN-13780","Edward Nazzal","Consumer",64,"United States","New York City","New York",10035,"East",NULL
"KN-16450","Kean Nguyen","Corporate",47,"United States","Jacksonville","Florida",32216,"South",NULL
"BO-11350","Bill Overfelt","Corporate",46,"United States","Los Angeles","California",90045,"West",NULL
"AG-10300","Aleksandra Gannaway","Corporate",68,"United States","Los Angeles","California",90049,"West",NULL
"MC-17635","Matthew Clasen","Corporate",49,"United States","Saint Louis","Missouri",63116,"Central",NULL
"TA-21385","Tom Ashbrook","Home Office",19,"United States","New York City","New York",10024,"East",NULL
"JF-15295","Jason Fortune-","Consumer",59,"United States","Seattle","Washington",98103,"West",NULL
"TT-21265","Tim Taslimi","Corporate",69,"United States","Los Angeles","California",90045,"West",NULL
"SB-20170","Sarah Bern","Consumer",62,"United States","New York City","New York",10035,"East",NULL
"CL-12700","Craig Leslie","Home Office",36,"United States","Springfield","Missouri",65807,"Central",NULL
"HG-15025","Hunter Glantz","Consumer",30,"United States","Amarillo","Texas",79109,"Central",NULL
"NL-18310","Nancy Lomonaco","Home Office",69,"United States","Los Angeles","California",90045,"West",NULL
"RR-19525","Rick Reed","Corporate",51,"United States","Lowell","Massachusetts",1852,"East",NULL
"TC-21295","Toby Carlisle","Consumer",31,"United States","San Diego","California",92024,"West",NULL
"SV-20785","Stewart Visinsky","Consumer",34,"United States","Pueblo","Colorado",81001,"West",NULL
"BE-11410","Bobby Elias","Consumer",54,"United States","Lancaster","Ohio",43130,"East",NULL
"SC-20680","Steve Carroll","Home Office",31,"United States","Columbus","Georgia",31907,"South",NULL
"DF-13135","David Flashing","Consumer",45,"United States","Vallejo","California",94591,"West",NULL
"FH-14350","Fred Harton","Consumer",45,"United States","Seattle","Washington",98105,"West",NULL
"MS-17530","MaryBeth Skach","Consumer",45,"United States","San Diego","California",92037,"West",NULL
"RH-19555","Ritsa Hightower","Consumer",61,"United States","Tallahassee","Florida",32303,"South",NULL
"GA-14515","George Ashbrook","Consumer",42,"United States","San Francisco","California",94122,"West",NULL
"JP-16135","Julie Prescott","Home Office",57,"United States","Columbus","Georgia",31907,"South",NULL
"Dp-13240","Dean percer","Home Office",64,"United States","Murray","Utah",84107,"West",NULL
"MO-17950","Michael Oakman","Consumer",35,"United States","Dallas","Texas",75220,"Central",NULL
"DL-13330","Denise Leinenbach","Consumer",69,"United States","Las Cruces","New Mexico",88001,"West",NULL
"MH-18025","Michelle Huthwaite","Consumer",40,"United States","Seattle","Washington",98115,"West",NULL
"DR-12940","Daniel Raglin","Home Office",65,"United States","Franklin","Massachusetts",2038,"East",NULL
"DM-13015","Darrin Martin","Consumer",53,"United States","Encinitas","California",92024,"West",NULL
"CA-11965","Carol Adams","Corporate",19,"United States","Hoover","Alabama",35244,"South",NULL
"AC-10660","Anna Chung","Consumer",30,"United States","Huntsville","Texas",77340,"Central",NULL
"DM-13345","Denise Monton","Corporate",46,"United States","Roswell","Georgia",30076,"South",NULL
"VF-21715","Vicky Freymann","Home Office",59,"United States","Columbus","Indiana",47201,"Central",NULL
"CC-12370","Christopher Conant","Consumer",38,"United States","Fayetteville","North Carolina",28314,"South",NULL
"BF-11275","Beth Fritzler","Corporate",21,"United States","Tucson","Arizona",85705,"West",NULL
"HG-14845","Harry Greene","Consumer",63,"United States","Lake Charles","Louisiana",70601,"South",NULL
"BP-11155","Becky Pak","Consumer",46,"United States","Columbus","Georgia",31907,"South",NULL
"EM-14140","Eugene Moren","Home Office",49,"United States","Glendale","Arizona",85301,"West",NULL
"MA-17995","Michelle Arnett","Home Office",33,"United States","Watertown","New York",13601,"East",NULL
"AY-10555","Andy Yotov","Corporate",61,"United States","Oceanside","California",92054,"West",NULL
"GB-14575","Giulietta Baptist","Consumer",50,"United States","Philadelphia","Pennsylvania",19134,"East",NULL
"JB-16045","Julia Barnett","Home Office",65,"United States","Columbus","Georgia",31907,"South",NULL
"MG-17875","Michael Grace","Home Office",67,"United States","New York City","New York",10011,"East",NULL
"SR-20425","Sharelle Roach","Home Office",25,"United States","Louisville","Colorado",80027,"West",NULL
"JB-16000","Joy Bell-","Consumer",46,"United States","Brownsville","Texas",78521,"Central",NULL
"DM-12955","Dario Medina","Corporate",26,"United States","Lincoln Park","Michigan",48146,"Central",NULL
"TC-21475","Tony Chapman","Home Office",64,"United States","Columbus","Georgia",31907,"South",NULL
"SW-20350","Sean Wendt","Home Office",51,"United States","Detroit","Michigan",48227,"Central",NULL
"RE-19450","Richard Eichhorn","Consumer",30,"United States","Dallas","Texas",75081,"Central",NULL
"BF-11215","Benjamin Farhat","Home Office",69,"United States","Albuquerque","New Mexico",87105,"West",NULL
"KB-16405","Katrina Bavinger","Home Office",34,"United States","Apple Valley","California",92307,"West",NULL
"JG-15310","Jason Gross","Corporate",61,"United States","Providence","Rhode Island",2908,"East",NULL
"EC-14050","Erin Creighton","Consumer",52,"United States","New York City","New York",10024,"East",NULL
"EB-14110","Eugene Barchas","Consumer",44,"United States","Philadelphia","Pennsylvania",19134,"East",NULL
"JP-15460","Jennifer Patt","Corporate",69,"United States","Oceanside","New York",11572,"East",NULL
"CS-11845","Cari Sayre","Corporate",24,"United States","Seattle","Washington",98105,"West",NULL
"GH-14410","Gary Hansen","Home Office",42,"United States","Glendale","Arizona",85301,"West",NULL
"PT-19090","Pete Takahito","Consumer",48,"United States","Houston","Texas",77070,"Central",NULL
"JL-15130","Jack Lebron","Consumer",63,"United States","Houston","Texas",77036,"Central",NULL
"AH-10030","Aaron Hawkins","Corporate",60,"United States","Philadelphia","Pennsylvania",19134,"East",NULL
"CC-12475","Cindy Chapman","Consumer",48,"United States","New York City","New York",10024,"East",NULL
"DW-13195","David Wiener","Corporate",55,"United States","Houston","Texas",77095,"Central",NULL
"SJ-20215","Sarah Jordon","Consumer",50,"United States","Grand Prairie","Texas",75051,"Central",NULL
"BG-11740","Bruce Geld","Consumer",39,"United States","Philadelphia","Pennsylvania",19120,"East",NULL
"LB-16795","Laurel Beltran","Home Office",18,"United States","Highland Park","Illinois",60035,"Central",NULL
"CM-11815","Candace McMahon","Corporate",28,"United States","Pasadena","Texas",77506,"Central",NULL
"EH-14185","Evan Henry","Consumer",31,"United States","Decatur","Alabama",35601,"South",NULL
"TS-21505","Tony Sayre","Consumer",32,"United States","Columbia","Tennessee",38401,"South",NULL
"PR-18880","Patrick Ryan","Consumer",44,"United States","Oakland","California",94601,"West",NULL
"LC-17050","Liz Carlisle","Consumer",60,"United States","Mission Viejo","California",92691,"West",NULL
"CS-12490","Cindy Schnelling","Corporate",32,"United States","Conroe","Texas",77301,"Central",NULL
"DH-13075","Dave Hallsten","Corporate",58,"United States","Richmond","Kentucky",40475,"South",NULL
"JO-15145","Jack O'Briant","Corporate",68,"United States","Philadelphia","Pennsylvania",19140,"East",NULL
"AH-10690","Anna Haberlin","Corporate",39,"United States","New York City","New York",10024,"East",NULL
"HJ-14875","Heather Jas","Home Office",32,"United States","Jacksonville","Florida",32216,"South",NULL
"MH-17455","Mark Hamilton","Consumer",49,"United States","Jacksonville","North Carolina",28540,"South",NULL
"RD-19930","Russell D'Ascenzo","Consumer",67,"United States","Austin","Texas",78745,"Central",NULL
"SC-20020","Sam Craven","Consumer",56,"United States","Plano","Texas",75023,"Central",NULL
"SU-20665","Stephanie Ulpright","Home Office",30,"United States","Jackson","Mississippi",39212,"South",NULL
"FC-14335","Fred Chung","Corporate",64,"United States","Mesquite","Texas",75150,"Central",NULL
"RB-19330","Randy Bradley","Consumer",63,"United States","Philadelphia","Pennsylvania",19143,"East",NULL
"NC-18535","Nick Crebassa","Corporate",59,"United States","Dallas","Texas",75217,"Central",NULL
"DB-12970","Darren Budd","Corporate",42,"United States","Los Angeles","California",90004,"West",NULL
"MF-17665","Maureen Fritzler","Corporate",37,"United States","Toledo","Ohio",43615,"East",NULL
"RM-19750","Roland Murray","Consumer",66,"United States","New York City","New York",10011,"East",NULL
"VM-21835","Vivian Mathis","Consumer",60,"United States","Newark","Delaware",19711,"East",NULL
"EJ-13720","Ed Jacobs","Consumer",44,"United States","San Diego","California",92037,"West",NULL
"NC-18415","Nathan Cano","Consumer",29,"United States","Jacksonville","North Carolina",28540,"South",NULL
"LS-17230","Lycoris Saunders","Consumer",42,"United States","Dover","Delaware",19901,"East",NULL
"KE-16420","Katrina Edelman","Corporate",53,"United States","Bristol","Tennessee",37620,"South",NULL
"DH-13675","Duane Huffman","Home Office",65,"United States","Quincy","Massachusetts",2169,"East",NULL
"PF-19120","Peter Fuller","Consumer",48,"United States","Gilbert","Arizona",85234,"West",NULL
"VT-21700","Valerie Takahito","Home Office",44,"United States","Philadelphia","Pennsylvania",19143,"East",NULL
"MG-17695","Maureen Gnade","Consumer",33,"United States","Buffalo","New York",14215,"East",NULL
"SP-20920","Susan Pistek","Consumer",37,"United States","Los Angeles","California",90036,"West",NULL
"CS-12175","Charles Sheldon","Corporate",67,"United States","Columbia","Tennessee",38401,"South",NULL
"DK-12895","Dana Kaydos","Consumer",47,"United States","Kenosha","Wisconsin",53142,"Central",NULL
"KM-16660","Khloe Miller","Consumer",57,"United States","Roswell","Georgia",30076,"South",NULL
"AA-10645","Anna Andreadi","Consumer",32,"United States","Chester","Pennsylvania",19013,"East",NULL
"DD-13570","Dorothy Dickinson","Consumer",32,"United States","Houston","Texas",77041,"Central",NULL
"AH-10465","Amy Hunt","Consumer",24,"United States","New York City","New York",10035,"East",NULL
"TP-21565","Tracy Poddar","Corporate",25,"United States","Aurora","Colorado",80013,"West",NULL
"EK-13795","Eileen Kiefer","Home Office",25,"United States","Santa Ana","California",92704,"West",NULL
"CR-12820","Cyra Reiten","Home Office",38,"United States","New York City","New York",10035,"East",NULL
"SG-20890","Susan Gilcrest","Corporate",41,"United States","Mcallen","Texas",78501,"Central",NULL
"AH-10585","Angele Hood","Consumer",34,"United States","Chicago","Illinois",60623,"Central",NULL
"NF-18475","Neil Franzosisch","Home Office",55,"United States","Rockford","Illinois",61107,"Central",NULL
"BS-11365","Bill Shonely","Corporate",34,"United States","New York City","New York",10011,"East",NULL
"SH-20635","Stefanie Holloman","Corporate",57,"United States","Jackson","Tennessee",38301,"South",NULL
"RD-19720","Roger Demir","Consumer",30,"United States","Daytona Beach","Florida",32114,"South",NULL
"AG-10330","Alex Grayson","Consumer",51,"United States","Stockton","California",95207,"West",NULL
"GR-14560","Georgia Rosenberg","Corporate",33,"United States","San Francisco","California",94110,"West",NULL
"VS-21820","Vivek Sundaresam","Consumer",22,"United States","Los Angeles","California",90036,"West",NULL
"TM-21490","Tony Molinari","Consumer",63,"United States","Oklahoma City","Oklahoma",73120,"Central",NULL
"TS-21430","Tom Stivers","Corporate",22,"United States","Los Angeles","California",90045,"West",NULL
"DB-13360","Dennis Bolton","Home Office",41,"United States","New York City","New York",10009,"East",NULL
"NR-18550","Nick Radford","Consumer",21,"United States","Aurora","Illinois",60505,"Central",NULL
"CS-11860","Cari Schnelling","Consumer",69,"United States","Jacksonville","North Carolina",28540,"South",NULL
"MF-18250","Monica Federle","Corporate",34,"United States","Los Angeles","California",90036,"West",NULL
"LW-17125","Liz Willingham","Consumer",55,"United States","Norwich","Connecticut",6360,"East",NULL
"AR-10345","Alex Russell","Corporate",38,"United States","Lawrence","Massachusetts",1841,"East",NULL
"KS-16300","Karen Seio","Corporate",53,"United States","Lehi","Utah",84043,"West",NULL
"AB-10015","Aaron Bergman","Consumer",66,"United States","Seattle","Washington",98103,"West",NULL
"LR-17035","Lisa Ryan","Corporate",62,"United States","Philadelphia","Pennsylvania",19134,"East",NULL
"SS-20410","Shahid Shariari","Consumer",35,"United States","Los Angeles","California",90008,"West",NULL
"JM-15580","Jill Matthias","Consumer",37,"United States","Monroe","North Carolina",28110,"South",NULL
"JK-15325","Jason Klamczynski","Corporate",69,"United States","Dallas","Texas",75220,"Central",NULL
"DM-13525","Don Miller","Corporate",18,"United States","Houston","Texas",77070,"Central",NULL
"ML-18265","Muhammed Lee","Consumer",51,"United States","Seattle","Washington",98103,"West",NULL
"MH-17290","Marc Harrigan","Home Office",39,"United States","Los Angeles","California",90036,"West",NULL
"FC-14245","Frank Carlisle","Home Office",20,"United States","Lakewood","Ohio",44107,"East",NULL
"TH-21115","Thea Hudgings","Corporate",38,"United States","Philadelphia","Pennsylvania",19140,"East",NULL
"JK-16090","Juliana Krohn","Consumer",51,"United States","Omaha","Nebraska",68104,"Central",NULL
"SB-20185","Sarah Brown","Consumer",31,"United States","Concord","New Hampshire",3301,"East",NULL
"BG-11035","Barry Gonzalez","Consumer",57,"United States","Monroe","Louisiana",71203,"South",NULL
"BW-11065","Barry Weirich","Consumer",30,"United States","Raleigh","North Carolina",27604,"South",NULL
"MG-18205","Mitch Gastineau","Corporate",55,"United States","Jacksonville","Florida",32216,"South",NULL
"DO-13645","Doug O'Connell","Consumer",20,"United States","Los Angeles","California",90036,"West",NULL
"BP-11050","Barry Pond","Corporate",65,"United States","Cranston","Rhode Island",2920,"East",NULL
"TS-21655","Trudy Schmidt","Consumer",21,"United States","Milwaukee","Wisconsin",53209,"Central",NULL
"EM-14200","Evan Minnotte","Home Office",52,"United States","Virginia Beach","Virginia",23464,"South",NULL
"AO-10810","Anthony O'Donnell","Corporate",66,"United States","Los Angeles","California",90045,"West",NULL
"MH-17440","Mark Haberlin","Corporate",47,"United States","New York City","New York",10035,"East",NULL
"SS-20515","Shirley Schmidt","Home Office",31,"United States","Louisville","Kentucky",40214,"South",NULL
"LD-16855","Lela Donovan","Corporate",52,"United States","Chicago","Illinois",60653,"Central",NULL
"VP-21760","Victoria Pisteka","Corporate",35,"United States","San Francisco","California",94109,"West",NULL
"TC-21145","Theresa Coyne","Corporate",63,"United States","Lakewood","New Jersey",8701,"East",NULL
"IM-15055","Ionia McGrath","Consumer",40,"United States","Roseville","California",95661,"West",NULL
"AR-10570","Anemone Ratner","Consumer",36,"United States","Columbus","Georgia",31907,"South",NULL
"CM-12715","Craig Molinari","Corporate",53,"United States","Huntsville","Texas",77340,"Central",NULL
"FW-14395","Fred Wasserman","Corporate",41,"United States","Huntsville","Alabama",35810,"South",NULL
"LC-16960","Lindsay Castell","Home Office",57,"United States","Arlington","Virginia",22204,"South",NULL
"HE-14800","Harold Engle","Corporate",31,"United States","Chicago","Illinois",60623,"Central",NULL
"BD-11560","Brendan Dodson","Home Office",54,"United States","Fresno","California",93727,"West",NULL
"HD-14785","Harold Dahlen","Home Office",32,"United States","Philadelphia","Pennsylvania",19143,"East",NULL
"CJ-11875","Carl Jackson","Corporate",64,"United States","Philadelphia","Pennsylvania",19140,"East",NULL
"RS-19870","Roy Skaria","Home Office",39,"United States","Burlington","Iowa",52601,"Central",NULL
"SC-20845","Sung Chung","Consumer",69,"United States","Arlington Heights","Illinois",60004,"Central",NULL
"RE-19405","Ricardo Emerson","Consumer",35,"United States","Kent","Ohio",44240,"East",NULL
"SM-20905","Susan MacKendrick","Consumer",46,"United States","Newark","Ohio",43055,"East",NULL
